<?xml version="1.0" encoding="utf-8"?>
<odoo>
    <!-- Employee -->
    <record id="hr.employee_qdp" model="hr.employee">
        <field name="timesheet_manager_id" ref="hr.employee_admin"/>
    </record>

    <function model="project.project" name="write">
        <value model="project.project" eval="obj().search([('sale_line_id', 'in', [ref('sale_timesheet.sale_line_13'),ref('sale_timesheet.sale_line_22')])]).ids"/>
        <value eval="{'allow_forecast': True}"/>
    </function>

    <record id="sale_timesheet.project_support" model="project.project">
        <field name="allow_forecast" eval="True"/>
    </record>
<data noupdate="0">
    <!-- Forecasts of projects created by sale_line_13 -->
    <record id="project_forecast_data_11" model="project.forecast">
        <field name="start_date" eval="DateTime.today().strftime('%Y-%m-01')"/>
        <field name="end_date" eval="(DateTime.today() + relativedelta(months=1, days=-1, day=1)).strftime('%Y-%m-%d')"/>
        <field name="task_id" search="[('sale_line_id', '=', ref('sale_timesheet.sale_line_13'))]"/>
        <field name="project_id" search="[('sale_line_id', '=', ref('sale_timesheet.sale_line_13'))]"/>
        <field name="resource_time">1.25</field>
        <field name="forecast_uom">day</field>
        <field name="user_id" ref="base.user_admin"/>
        <field name="employee_id" ref="hr.employee_admin"/>
    </record>
    <record id="project_forecast_data_12" model="project.forecast">
        <field name="start_date" eval="(DateTime.today() + relativedelta(months=1, day=1)).strftime('%Y-%m-%d')"/>
        <field name="end_date" eval="(DateTime.today() + relativedelta(months=2, days=-1, day=1)).strftime('%Y-%m-%d')"/>
        <field name="task_id" search="[('sale_line_id', '=', ref('sale_timesheet.sale_line_13'))]"/>
        <field name="project_id" search="[('sale_line_id', '=', ref('sale_timesheet.sale_line_13'))]"/>
        <field name="resource_time">1.25</field>
        <field name="forecast_uom">day</field>
        <field name="user_id" ref="base.user_admin"/>
        <field name="employee_id" ref="hr.employee_admin"/>
    </record>
    <record id="project_forecast_data_13" model="project.forecast">
        <field name="start_date" eval="(DateTime.today() + relativedelta(day=1)).strftime('%Y-%m-%d')"/>
        <field name="end_date" eval="(DateTime.today() + relativedelta(months=1, days=-1, day=1)).strftime('%Y-%m-%d')"/>
        <field name="task_id" search="[('sale_line_id', '=', ref('sale_timesheet.sale_line_13'))]"/>
        <field name="project_id" search="[('sale_line_id', '=', ref('sale_timesheet.sale_line_13'))]"/>
        <field name="resource_time">1.25</field>
        <field name="forecast_uom">day</field>
        <field name="user_id" ref="base.user_demo"/>
        <field name="employee_id" ref="hr.employee_qdp"/>
    </record>
    <record id="project_forecast_data_14" model="project.forecast">
        <field name="start_date" eval="(DateTime.today() + relativedelta(months=1, day=1)).strftime('%Y-%m-%d')"/>
        <field name="end_date" eval="(DateTime.today() + relativedelta(months=2, days=-1, day=1)).strftime('%Y-%m-%d')"/>
        <field name="task_id" search="[('sale_line_id', '=', ref('sale_timesheet.sale_line_13'))]"/>
        <field name="project_id" search="[('sale_line_id', '=', ref('sale_timesheet.sale_line_13'))]"/>
        <field name="resource_time">0.625</field>
        <field name="forecast_uom">day</field>
        <field name="user_id" ref="base.user_demo"/>
        <field name="employee_id" ref="hr.employee_qdp"/>
    </record>
    <record id="project_forecast_data_15" model="project.forecast">
        <field name="start_date" eval="(DateTime.today() + relativedelta(months=2, day=1)).strftime('%Y-%m-%d')"/>
        <field name="end_date" eval="(DateTime.today() + relativedelta(months=3, days=-1, day=1)).strftime('%Y-%m-%d')"/>
        <field name="task_id" search="[('sale_line_id', '=', ref('sale_timesheet.sale_line_13'))]"/>
        <field name="project_id" search="[('sale_line_id', '=', ref('sale_timesheet.sale_line_13'))]"/>
        <field name="resource_time">0.625</field>
        <field name="forecast_uom">day</field>
        <field name="user_id" ref="base.user_demo"/>
        <field name="employee_id" ref="hr.employee_qdp"/>
    </record>
    <record id="project_forecast_data_16" model="project.forecast">
        <field name="start_date" eval="(DateTime.today() + relativedelta(months=3, day=1)).strftime('%Y-%m-%d')"/>
        <field name="end_date" eval="(DateTime.today() + relativedelta(months=4, days=-1, day=1)).strftime('%Y-%m-%d')"/>
        <field name="task_id" search="[('sale_line_id', '=', ref('sale_timesheet.sale_line_13'))]"/>
        <field name="project_id" search="[('sale_line_id', '=', ref('sale_timesheet.sale_line_13'))]"/>
        <field name="resource_time">0.625</field>
        <field name="forecast_uom">day</field>
        <field name="user_id" ref="base.user_demo"/>
        <field name="employee_id" ref="hr.employee_qdp"/>
    </record>

    <!-- Forecasts of project created by sale_line_22 -->
    <record id="project_forecast_data_21" model="project.forecast">
        <field name="start_date" eval="(DateTime.today() + relativedelta(day=1)).strftime('%Y-%m-%d')"/>
        <field name="end_date" eval="(DateTime.today() + relativedelta(months=1, days=-1, day=1)).strftime('%Y-%m-%d')"/>
        <field name="task_id" search="[('sale_line_id', '=', ref('sale_timesheet.sale_line_22'))]"/>
        <field name="project_id" search="[('sale_line_id', '=', ref('sale_timesheet.sale_line_22'))]"/>
        <field name="resource_time">1.25</field>
        <field name="forecast_uom">day</field>
        <field name="user_id" ref="base.user_admin"/>
        <field name="employee_id" ref="hr.employee_admin"/>
    </record>
    <record id="project_forecast_data_22" model="project.forecast">
        <field name="start_date" eval="(DateTime.today() + relativedelta(months=1, day=1)).strftime('%Y-%m-%d')"/>
        <field name="end_date" eval="(DateTime.today() + relativedelta(months=2, days=-1, day=1)).strftime('%Y-%m-%d')"/>
        <field name="task_id" search="[('sale_line_id', '=', ref('sale_timesheet.sale_line_22'))]"/>
        <field name="project_id" search="[('sale_line_id', '=', ref('sale_timesheet.sale_line_22'))]"/>
        <field name="resource_time">1.25</field>
        <field name="forecast_uom">day</field>
        <field name="user_id" ref="base.user_admin"/>
        <field name="employee_id" ref="hr.employee_admin"/>
    </record>
    <record id="project_forecast_data_23" model="project.forecast">
        <field name="start_date" eval="(DateTime.today() + relativedelta(months=2, day=1)).strftime('%Y-%m-%d')"/>
        <field name="end_date" eval="(DateTime.today() + relativedelta(months=3, days=-1, day=1)).strftime('%Y-%m-%d')"/>
        <field name="task_id" search="[('sale_line_id', '=', ref('sale_timesheet.sale_line_22'))]"/>
        <field name="project_id" search="[('sale_line_id', '=', ref('sale_timesheet.sale_line_22'))]"/>
        <field name="resource_time">0.125</field>
        <field name="forecast_uom">day</field>
        <field name="user_id" ref="base.user_admin"/>
        <field name="employee_id" ref="hr.employee_admin"/>
    </record>
    <record id="project_forecast_data_24" model="project.forecast">
        <field name="start_date" eval="(DateTime.today() + relativedelta(months=3, day=1)).strftime('%Y-%m-%d')"/>
        <field name="end_date" eval="(DateTime.today() + relativedelta(months=4, days=-1, day=1)).strftime('%Y-%m-%d')"/>
        <field name="task_id" search="[('sale_line_id', '=', ref('sale_timesheet.sale_line_22'))]"/>
        <field name="project_id" search="[('sale_line_id', '=', ref('sale_timesheet.sale_line_22'))]"/>
        <field name="resource_time">1.25</field>
        <field name="forecast_uom">day</field>
        <field name="user_id" ref="base.user_admin"/>
        <field name="employee_id" ref="hr.employee_admin"/>
    </record>
    <record id="project_forecast_data_25" model="project.forecast">
        <field name="start_date" eval="(DateTime.today() + relativedelta(months=2, day=1)).strftime('%Y-%m-%d')"/>
        <field name="end_date" eval="(DateTime.today() + relativedelta(months=3, days=-1, day=1)).strftime('%Y-%m-%d')"/>
        <field name="task_id" search="[('sale_line_id', '=', ref('sale_timesheet.sale_line_22'))]"/>
        <field name="project_id" search="[('sale_line_id', '=', ref('sale_timesheet.sale_line_22'))]"/>
        <field name="resource_time">0.625</field>
        <field name="forecast_uom">day</field>
        <field name="user_id" ref="base.user_admin"/>
        <field name="employee_id" ref="hr.employee_qdp"/>
    </record>

    <!-- Forecasts of support project -->
    <record id="project_forecast_data_31" model="project.forecast">
        <field name="start_date" eval="(DateTime.today() + relativedelta(months=2, day=1)).strftime('%Y-%m-%d')"/>
        <field name="end_date" eval="(DateTime.today() + relativedelta(months=3, days=-1, day=1)).strftime('%Y-%m-%d')"/>
        <field name="project_id" ref="sale_timesheet.project_support"/>
        <field name="task_id" search="[('sale_line_id', '=', ref('sale_timesheet.sale_line_21'))]"/>
        <field name="resource_hours">10</field>
        <field name="user_id" ref="base.user_admin"/>
        <field name="employee_id" ref="hr.employee_admin"/>
    </record>
    <record id="project_forecast_data_32" model="project.forecast">
        <field name="start_date" eval="(DateTime.today() + relativedelta(months=3, day=1)).strftime('%Y-%m-%d')"/>
        <field name="end_date" eval="(DateTime.today() + relativedelta(months=4, days=-1, day=1)).strftime('%Y-%m-%d')"/>
        <field name="project_id" ref="sale_timesheet.project_support"/>
        <field name="task_id" search="[('sale_line_id', '=', ref('sale_timesheet.sale_line_21'))]"/>
        <field name="resource_time">1.25</field>
        <field name="forecast_uom">day</field>
        <field name="user_id" ref="base.user_admin"/>
        <field name="employee_id" ref="hr.employee_qdp"/>
    </record>
    <record id="project_forecast_data_33" model="project.forecast">
        <field name="start_date" eval="(DateTime.today() + relativedelta(months=5, day=1)).strftime('%Y-%m-%d')"/>
        <field name="end_date" eval="(DateTime.today() + relativedelta(months=6, days=-1, day=1)).strftime('%Y-%m-%d')"/>
        <field name="project_id" ref="sale_timesheet.project_support"/>
        <field name="task_id" search="[('sale_line_id', '=', ref('sale_timesheet.sale_line_11'))]"/>
        <field name="forecast_uom">day</field>
        <field name="resource_time">1.25</field>
        <field name="user_id" ref="base.user_admin"/>
        <field name="employee_id" ref="hr.employee_admin"/>
    </record>
    <record id="project_forecast_data_34" model="project.forecast">
        <field name="start_date" eval="(DateTime.today() + relativedelta(months=1)).strftime('%Y-%m-01')"/>
        <field name="end_date" eval="(DateTime.today() + relativedelta(months=2, day=1, days=-1)).strftime('%Y-%m-%d')"/>
        <field name="project_id" ref="project.project_project_1"/>
        <field name="task_id" ref="project.project_task_2"/>
        <field name="resource_hours">5</field>
        <field name="user_id" ref="base.user_admin"/>
        <field name="employee_id" ref="hr.employee_admin"/>
      </record>
      <record id="project_forecast_data_35" model="project.forecast">
        <field name="start_date" eval="(DateTime.today() + relativedelta(months=2, day=1)).strftime('%Y-%m-%d')"/>
        <field name="end_date" eval="(DateTime.today() + relativedelta(months=3, days=-1, day=1)).strftime('%Y-%m-%d')"/>
        <field name="project_id" ref="sale_timesheet.project_support"/>
        <field name="task_id" search="[('sale_line_id', '=', ref('sale_timesheet.sale_line_21'))]"/>
        <field name="resource_hours">10</field>
        <field name="user_id" ref="base.user_demo"/>
        <field name="employee_id" ref="hr.employee_qdp"/>
    </record>
</data>
</odoo>
