<?xml version="1.0" encoding="utf-8"?>
<odoo>
    <data noupdate="1">
        <function model="mrp.production" name="button_plan" eval="[ref('mrp.mrp_production_1')]"/>

        <record id="quality_point_picture" model="quality.point">
            <field name="product_id" ref="mrp.product_product_computer_desk"/>
            <field name="product_tmpl_id" ref="mrp.product_product_computer_desk_product_template"/>
            <field name="picking_type_id" model="stock.warehouse" eval="obj().env.ref('stock.warehouse0').manu_type_id.id"/>
            <field name="operation_id" ref="mrp.mrp_routing_workcenter_5"/>
            <field name="test_type_id" ref="test_type_picture"/>
            <field name="note">Take a picture of the table head serial number.</field>
            <field name="title">Picture of the SN</field>
            <field name="worksheet">scroll</field>
            <field name="worksheet_page">1</field>
        </record>

    </data>
</odoo>