access_account_analytic_line_user,account.analytic.line,account.model_account_analytic_line,group_mrp_user,1,1,1,0
access_account_journal_mrp_manager,account.journal mrp manager,account.model_account_journal,mrp.group_mrp_manager,1,0,0,0
access_account_account,account.account mrp_worker,account.model_account_account,mrp.group_mrp_user,1,0,0,0
access_hr_timesheet_group_mrp_worker,resource.calendar mrp_manager,resource.model_resource_calendar,mrp.group_mrp_manager,1,1,1,1
access_mrp_bom_invoicing_payment,mrp.bom,model_mrp_bom,account.group_account_invoice,1,0,0,0
access_mrp_production_invoicing_payment,mrp.production,model_mrp_production,account.group_account_invoice,1,1,1,0


