<?xml version="1.0" encoding="utf-8"?>

<templates xml:space="preserve">

    <t t-name="event_barcode_template">
        <div class="o_event_barcode_bg o_home_menu_background">
            <div class="o_event_barcode_detail text-center mt32 row">
                <div class="col-lg-3 col-12 o_event_date">
                    <span class="o_event_day mt24"><t t-esc="widget.data.date"/></span>
                    <span class="o_event_month"><t t-esc="widget.data.month"/></span>
                </div>
                <div class="col-lg-6 col-9 o_event_info text-center">
                    <div class="o_event_info_name text-center">
                        <h2 class="o_event_title"><t t-esc="widget.data.name"/></h2>
                        <p class="o_event_desc">
                            <t t-if="widget.data.city and widget.data.country">
                                <t t-esc="widget.data.city"/> - <t t-esc="widget.data.country"/>
                            </t>
                            <t t-if="widget.data.city and !widget.data.country" t-esc="widget.data.city"/>
                            <t t-if="widget.data.country and !widget.data.city" t-esc="widget.data.country"/>
                        </p>
                    </div>
                </div>
                <div class="col-lg-3 col-3 o_event_social">
                    <div class="o_event_reg_attendee">0</div>
                    <div class="o_event_total_attendee">
                        <t t-esc="widget.data.total_attendee"/>
                    </div>
                </div>
            </div>
            <div class="o_event_barcode_main mt16 mb16">
                <h1 class="mt0">Barcode Scanning</h1>
                <img class="mt16" src="/event_barcode/static/img/barcode.png" alt="Barcode"/>
                <input class="mt32" type="text" id="event_barcode" placeholder="Waiting for barcode scan..." size="40"/>
            </div>
        </div>
    </t>

    <t t-name="event_registration_summary">
        <div class="row">
          <div class="col-lg-8 offset-lg-2">
            <div class="text-center" style="margin-bottom: 18px;"><img t-att-src="registration.image" alt="Registration"/></div>
            <div t-if="success" class="alert alert-success text-center" role="status"><t t-esc="success"/></div>
            <div t-if="warning" class="alert alert-warning text-center" role="alert"><t t-esc="warning"/></div>
            <div t-if="registration.alert" class="alert alert-danger text-center" role="alert"><t t-esc="registration.alert"/></div>
          </div>
        </div>
        <div id="registration_information" class="row">
          <div class="col-lg-12">
            <table class="table table-striped">
              <tr t-foreach="registration.information" t-as="info">
                <td><t t-esc="info[0]"/></td><td t-att-class="info[2] ? ('text-' + info[2]) : undefined"><t t-esc="info[1]"/></td>
              </tr>
            </table>
          </div>
        </div>
    </t>

</templates>
