<?xml version="1.0" encoding="utf-8"?>
<odoo>

    <record id="res_config_settings_view_form" model="ir.ui.view">
        <field name="name">res.config.settings.view.form.inherit.account.invoice.ocr</field>
        <field name="model">res.config.settings</field>
        <field name="inherit_id" ref="account.res_config_settings_view_form"/>
        <field name="arch" type="xml">
            <div id="msg_invoice_extract" position="replace">
                <div class="content-group" attrs="{'invisible': [('module_account_invoice_extract', '=', False)]}">
                    <div class="mt16">
                        <field name="extract_show_ocr_option_selection" class="o_light_label" widget="radio"/>
                    </div>
                </div>
            </div>
        </field>
    </record>
</odoo>