id,name,model_id/id,group_id/id,perm_read,perm_write,perm_create,perm_unlink
access_program_salesman,salesman,model_sale_coupon_program,sales_team.group_sale_salesman,1,0,0,0
access_program_manager,program manager,model_sale_coupon_program,sales_team.group_sale_manager,1,1,1,1
access_applicability_salesman,salesman,model_sale_coupon_rule,sales_team.group_sale_salesman,1,0,0,0
access_applicability_manager,program manager,model_sale_coupon_rule,sales_team.group_sale_manager,1,1,1,0
access_coupon_salesman,salesman,model_sale_coupon,sales_team.group_sale_salesman,1,0,0,0
access_coupon_manager,program manager,model_sale_coupon,sales_team.group_sale_manager,1,1,1,0
access_reward_salesman,salesman,model_sale_coupon_reward,sales_team.group_sale_salesman,1,0,0,0
access_reward_manager,program manager,model_sale_coupon_reward,sales_team.group_sale_manager,1,1,1,0
