<?xml version="1.0" encoding="UTF-8"?>
<templates id="template" xml:space="preserve">

<t t-extend="event_barcode_template">
    <t t-jquery="img" t-operation="replace">
        <div class="o_event_barcode_mobile_container">
            <a role="button" class="btn btn-primary o_event_barcode_mobile"> <div><i class="fa fa-camera fa-2x o_barcode_mobile_camera"></i> Tap to scan</div></a>
            <img src="/event_barcode/static/img/barcode.png" alt="Barcode"/>
        </div>
    </t>
</t>

</templates>
